DELETE FROM `admin_user`;
DELETE FROM `admin_role`;
DELETE FROM `admin_user_role`;

INSERT INTO `admin_user` (`id`, `user_code`, `name`, `mobile`, `email`, `status`, `gmt_created`, `gmt_modified`) VALUES
(1, '111', '用户1', '1234567890', 'user_1@xxx.com', 0, '2020-01-20 20:21:00', NULL),
(2, '222', '用户2', '1234567891', 'user_2@xxx.com', 0, '2020-01-19 12:54:00', NULL),
(3, '333', '用户3', '1234567892', 'user_3@xxx.com', 1, '2020-01-21 07:35:00', NULL),
(4, '444', '用户4', '1234567893', 'user_4@xxx.com', 1, '2020-01-18 05:05:00', NULL),
(5, '555', '用户5', '1234567894', 'user_5@xxx.com', 2, '2020-01-16 00:25:24', NULL),
(6, '666', '用户6', '1234567895', 'user_6@xxx.com', 1, '2020-01-17 10:00:12', NULL),
(7, '777', '用户7', '1234567896', 'user_7@xxx.com', 1, '2020-01-15 22:00:54', NULL),
(8, '888', '用户8', '1234567897', 'user_8@xxx.com', 0, '2020-01-22 23:00:34', NULL),
(9, '999', '用户9', '1234567898', 'user_9@xxx.com', 1, '2020-01-23 17:00:42', NULL),
(10, '100', '用户10', '1234567899', 'user_10@xxx.com', 1, '2020-01-20 18:12:00', NULL),
(11, '101', '用户11', '1234567190', 'user_11@xxx.com', 1, '2020-01-19 12:03:00', NULL),
(12, '102', '用户12', '1234567290', 'user_12@xxx.com', 2, '2020-01-18 13:07:00', NULL),
(13, '103', '用户13', '1234567390', 'user_13@xxx.com', 2, '2020-01-16 14:56:00', NULL),
(14, '104', '用户14', '1234567490', 'user_14@xxx.com', 2, '2020-01-17 21:23:00', NULL),
(15, '105', '用户15', '1234567590', 'user_15@xxx.com', 1, '2020-01-14 22:54:00', NULL),
(16, '106', '用户16', '1234567690', 'user_16@xxx.com', 2, '2020-01-15 03:34:00', NULL);

INSERT INTO `admin_role` (`id`, `role_code`, `name`, `sort`, `description`,`gmt_created`, `gmt_modified`) VALUES
(1, '111', '超级管理员', '1', '拥有至高无上的权利', '2020-01-20 20:21:00', NULL),
(2, '222', '系统管理员', '2', '超级权限', '2020-01-20 20:21:00', NULL),
(3, '333', '普通用户', '3', '普通权限', '2020-01-20 20:21:00', NULL);

INSERT INTO `admin_user_role` (`id`, `user_id`, `role_id`, `gmt_created`) VALUES
(1, '1', '1', '2020-01-20 20:21:00'),
(2, '1', '2', '2020-01-20 20:21:00'),
(3, '2', '2', '2020-01-20 20:21:00'),
(4, '2', '3', '2020-01-20 20:21:00'),
(5, '3', '1', '2020-01-20 20:21:00'),
(6, '4', '2', '2020-01-20 20:21:00'),
(7, '5', '1', '2020-01-20 20:21:00'),
(8, '6', '2', '2020-01-20 20:21:00'),
(9, '7', '1', '2020-01-20 20:21:00'),
(10, '8', '2', '2020-01-20 20:21:00'),
(11, '9', '3', '2020-01-20 20:21:00'),
(12, '10', '2', '2020-01-20 20:21:00'),
(13, '10', '2', '2020-01-20 20:21:00'),
(14, '11', '2', '2020-01-20 20:21:00'),
(15, '12', '3', '2020-01-20 20:21:00'),
(16, '13', '2', '2020-01-20 20:21:00'),
(17, '14', '1', '2020-01-20 20:21:00'),
(18, '15', '3', '2020-01-20 20:21:00'),
(19, '16', '2', '2020-01-20 20:21:00'),
(20, '16', '1', '2020-01-20 20:21:00'),
(21, '15', '3', '2020-01-20 20:21:00'),
(22, '14', '3', '2020-01-20 20:21:00');
